MSE,R2
35.4803847698352,0.9878548046988785
